{
    "name": "root",
    "gauges": {
        "DQLCarAgent.Policy.Entropy.mean": {
            "value": 1.0709190368652344,
            "min": 0.8078088760375977,
            "max": 2.0108814239501953,
            "count": 925
        },
        "DQLCarAgent.Policy.Entropy.sum": {
            "value": 3559.73486328125,
            "min": 860.1152954101562,
            "max": 6510.30078125,
            "count": 925
        },
        "DQLCarAgent.Step.mean": {
            "value": 3286367.0,
            "min": 329571.0,
            "max": 3286367.0,
            "count": 925
        },
        "DQLCarAgent.Step.sum": {
            "value": 3286367.0,
            "min": 329571.0,
            "max": 3286367.0,
            "count": 925
        },
        "DQLCarAgent.Policy.ExtrinsicValueEstimate.mean": {
            "value": 8.479389190673828,
            "min": 0.10119631886482239,
            "max": 8.823685646057129,
            "count": 925
        },
        "DQLCarAgent.Policy.ExtrinsicValueEstimate.sum": {
            "value": 423.969482421875,
            "min": 2.6301772594451904,
            "max": 458.8316345214844,
            "count": 925
        },
        "DQLCarAgent.IsTraining.mean": {
            "value": 1.0,
            "min": 1.0,
            "max": 1.0,
            "count": 925
        },
        "DQLCarAgent.IsTraining.sum": {
            "value": 1.0,
            "min": 1.0,
            "max": 1.0,
            "count": 925
        },
        "DQLCarAgent.Environment.EpisodeLength.mean": {
            "value": 1499.0,
            "min": 1498.0,
            "max": 1499.0,
            "count": 492
        },
        "DQLCarAgent.Environment.EpisodeLength.sum": {
            "value": 5996.0,
            "min": 5992.0,
            "max": 5996.0,
            "count": 492
        },
        "DQLCarAgent.Environment.CumulativeReward.mean": {
            "value": 113.5,
            "min": 3.5,
            "max": 115.2749999910593,
            "count": 492
        },
        "DQLCarAgent.Environment.CumulativeReward.sum": {
            "value": 454.0,
            "min": 14.0,
            "max": 461.0999999642372,
            "count": 492
        },
        "DQLCarAgent.Policy.ExtrinsicReward.mean": {
            "value": 113.5,
            "min": 3.5,
            "max": 115.2749999910593,
            "count": 492
        },
        "DQLCarAgent.Policy.ExtrinsicReward.sum": {
            "value": 454.0,
            "min": 14.0,
            "max": 461.0999999642372,
            "count": 492
        },
        "DQLCarAgent.Losses.PolicyLoss.mean": {
            "value": 0.017656361839423578,
            "min": 0.01645327964797616,
            "max": 0.03414547496164839,
            "count": 283
        },
        "DQLCarAgent.Losses.PolicyLoss.sum": {
            "value": 0.017656361839423578,
            "min": 0.01645327964797616,
            "max": 0.03414547496164839,
            "count": 283
        },
        "DQLCarAgent.Losses.ValueLoss.mean": {
            "value": 0.11712353825569152,
            "min": 0.0254360631108284,
            "max": 0.886715704202652,
            "count": 283
        },
        "DQLCarAgent.Losses.ValueLoss.sum": {
            "value": 0.11712353825569152,
            "min": 0.0254360631108284,
            "max": 0.886715704202652,
            "count": 283
        },
        "DQLCarAgent.Policy.LearningRate.mean": {
            "value": 0.00039059312188137994,
            "min": 0.00039059312188137994,
            "max": 0.0004886821689302333,
            "count": 283
        },
        "DQLCarAgent.Policy.LearningRate.sum": {
            "value": 0.00039059312188137994,
            "min": 0.00039059312188137994,
            "max": 0.0004886821689302333,
            "count": 283
        },
        "DQLCarAgent.Policy.Epsilon.mean": {
            "value": 0.25623724000000003,
            "min": 0.25623724000000003,
            "max": 0.29547286666666667,
            "count": 283
        },
        "DQLCarAgent.Policy.Epsilon.sum": {
            "value": 0.25623724000000003,
            "min": 0.25623724000000003,
            "max": 0.29547286666666667,
            "count": 283
        },
        "DQLCarAgent.Policy.Beta.mean": {
            "value": 0.007814050137999998,
            "min": 0.007814050137999998,
            "max": 0.009773869689999997,
            "count": 283
        },
        "DQLCarAgent.Policy.Beta.sum": {
            "value": 0.007814050137999998,
            "min": 0.007814050137999998,
            "max": 0.009773869689999997,
            "count": 283
        }
    },
    "metadata": {
        "timer_format_version": "0.1.0",
        "start_time_seconds": "1752239961",
        "python_version": "3.7.9 (default, Aug 31 2020, 17:10:11) [MSC v.1916 64 bit (AMD64)]",
        "command_line_arguments": "C:\\Anaconda3\\envs\\unity\\Scripts\\mlagents-learn car_config.yaml --run-id=DQL_15Mvarios --resume",
        "mlagents_version": "0.29.0",
        "mlagents_envs_version": "0.29.0",
        "communication_protocol_version": "1.5.0",
        "pytorch_version": "1.13.1+cpu",
        "numpy_version": "1.21.2",
        "end_time_seconds": "1752247766"
    },
    "total": 7804.1665303,
    "count": 1,
    "self": 10.006728700000167,
    "children": {
        "run_training.setup": {
            "total": 0.07364630000000005,
            "count": 1,
            "self": 0.07364630000000005
        },
        "TrainerController.start_learning": {
            "total": 7794.0861552999995,
            "count": 1,
            "self": 16.16561869958059,
            "children": {
                "TrainerController._reset_env": {
                    "total": 6.2139273,
                    "count": 1,
                    "self": 6.2139273
                },
                "TrainerController.advance": {
                    "total": 7771.627106700419,
                    "count": 740483,
                    "self": 8.066331100433672,
                    "children": {
                        "env_step": {
                            "total": 7763.560775599985,
                            "count": 740483,
                            "self": 6420.70916070024,
                            "children": {
                                "SubprocessEnvManager._take_step": {
                                    "total": 1334.0230254997937,
                                    "count": 740484,
                                    "self": 31.190670899779207,
                                    "children": {
                                        "TorchPolicy.evaluate": {
                                            "total": 1302.8323546000145,
                                            "count": 739991,
                                            "self": 245.78035030007527,
                                            "children": {
                                                "TorchPolicy.sample_actions": {
                                                    "total": 1057.0520042999392,
                                                    "count": 739991,
                                                    "self": 1057.0520042999392
                                                }
                                            }
                                        }
                                    }
                                },
                                "workers": {
                                    "total": 8.828589399951674,
                                    "count": 740482,
                                    "self": 0.0,
                                    "children": {
                                        "worker_root": {
                                            "total": 7505.320340299716,
                                            "count": 740482,
                                            "is_parallel": true,
                                            "self": 2069.205868799556,